Min GDP,Max GDP
24342.2589048189,62823.309438197
